{
  "model_version": "stuff_v2_rv_resid_rf",
  "train_year_range": [
    2021,
    2025
  ],
  "target_raw": "delta_run_exp",
  "target_model": "rv_resid",
  "num_features": [
    "release_speed",
    "release_spin_rate",
    "release_extension",
    "release_pos_x",
    "release_pos_z",
    "release_pos_y",
    "pfx_x",
    "pfx_z",
    "vx0",
    "vy0",
    "vz0",
    "ax",
    "ay",
    "az",
    "sz_top",
    "sz_bot"
  ],
  "cat_features": [
    "pitch_type"
  ],
  "context_keys": [
    "balls",
    "strikes",
    "outs_when_up",
    "base_state"
  ],
  "context_baseline_map": {
    "0|0|0|0": 6.571489543320469e-05,
    "0|0|0|1": 9.522186748932891e-05,
    "0|0|0|2": -0.000397267238639975,
    "0|0|0|3": -0.00021564871958572744,
    "0|0|0|4": -0.0005059445178335536,
    "0|0|0|5": -0.0003527354997943226,
    "0|0|0|6": 0.0009236259814418266,
    "0|0|0|7": -0.00015973684210526383,
    "0|0|1|0": 5.20312527475101e-05,
    "0|0|1|1": -0.00014435859149620957,
    "0|0|1|2": 0.0005221779433422863,
    "0|0|1|3": -0.00020356255178127558,
    "0|0|1|4": 8.743877845001398e-05,
    "0|0|1|5": -6.929283341244571e-06,
    "0|0|1|6": -0.00022112676056338057,
    "0|0|1|7": 0.00042841596130592437,
    "0|0|2|0": -5.9588753671842315e-05,
    "0|0|2|1": 0.00018437787692089736,
    "0|0|2|2": 8.034943544767312e-05,
    "0|0|2|3": -0.00032856703041083654,
    "0|0|2|4": 5.732484076433079e-05,
    "0|0|2|5": -0.0004495300367797303,
    "0|0|2|6": -0.00010810421764790483,
    "0|0|2|7": 0.000721171213993725,
    "0|1|0|0": -6.340701231982533e-05,
    "0|1|0|1": 0.00012476307280633438,
    "0|1|0|2": 0.0007524429967426723,
    "0|1|0|3": 3.048871618592317e-05,
    "0|1|0|4": 0.001325097529258778,
    "0|1|0|5": -0.0007018246550956829,
    "0|1|0|6": -5.580029368575603e-05,
    "0|1|0|7": -0.0004579033134166203,
    "0|1|1|0": -3.7496758773857495e-05,
    "0|1|1|1": -0.00010322293182830775,
    "0|1|1|2": -0.0004230437780075863,
    "0|1|1|3": 5.758982293278254e-05,
    "0|1|1|4": 0.0007599402092675616,
    "0|1|1|5": 0.00021482386479332354,
    "0|1|1|6": -0.0007424975798644712,
    "0|1|1|7": 0.0002995061728395055,
    "0|1|2|0": 6.181046877446629e-05,
    "0|1|2|1": 0.0005420328450954283,
    "0|1|2|2": 0.00041700542005419815,
    "0|1|2|3": 0.00024282221446035598,
    "0|1|2|4": 0.00026114759764949704,
    "0|1|2|5": 0.0005303338171262711,
    "0|1|2|6": -0.0006253545093590452,
    "0|1|2|7": 7.4798619102403476e-06,
    "0|2|0|0": -0.00031601415580911966,
    "0|2|0|1": 6.939402401563733e-05,
    "0|2|0|2": -0.00022990430622009503,
    "0|2|0|3": -0.0006870472326861789,
    "0|2|0|4": -0.0012181372549019602,
    "0|2|0|5": 0.00028763666947014406,
    "0|2|0|6": -0.0014453227931488816,
    "0|2|0|7": 0.0007842942345924464,
    "0|2|1|0": 1.853482528296038e-05,
    "0|2|1|1": -0.0007664562669071244,
    "0|2|1|2": 0.0007895319418089821,
    "0|2|1|3": 5.444355484387385e-05,
    "0|2|1|4": -0.0020116525423728815,
    "0|2|1|5": -0.0011692837993106124,
    "0|2|1|6": 0.0005881032547699202,
    "0|2|1|7": -1.1246063877643054e-05,
    "0|2|2|0": 0.00037217717799423086,
    "0|2|2|1": -0.00018342010412495112,
    "0|2|2|2": 0.00014216658403569553,
    "0|2|2|3": 1.5717870822879063e-05,
    "0|2|2|4": 0.0012276264591439682,
    "0|2|2|5": -4.0887850467301025e-06,
    "0|2|2|6": -0.0011641426477772355,
    "0|2|2|7": 0.000676286509040333,
    "1|0|0|0": -6.734331096966371e-05,
    "1|0|0|1": 0.0001639027220422543,
    "1|0|0|2": 0.00014834909316385037,
    "1|0|0|3": 0.0001051243406179338,
    "1|0|0|4": -0.0013528550512445087,
    "1|0|0|5": 0.0008234624145785898,
    "1|0|0|6": 0.001852965069049553,
    "1|0|0|7": 8.971704623878687e-05,
    "1|0|1|0": 7.024934179959912e-05,
    "1|0|1|1": -9.63253656796268e-05,
    "1|0|1|2": -0.0005676389877020006,
    "1|0|1|3": 0.0003189300411522635,
    "1|0|1|4": 0.000536949152542372,
    "1|0|1|5": -0.0011355842785544714,
    "1|0|1|6": 0.0012089711641153436,
    "1|0|1|7": -0.00045932094811018513,
    "1|0|2|0": 0.0001685921133703051,
    "1|0|2|1": -3.832137788177673e-05,
    "1|0|2|2": -0.0003645759368836268,
    "1|0|2|3": -0.0001389549740065208,
    "1|0|2|4": -0.00011811792268645123,
    "1|0|2|5": -0.00014189802213754308,
    "1|0|2|6": -0.00022577777777777803,
    "1|0|2|7": 0.0008290936033588553,
    "1|1|0|0": 8.564557310703538e-05,
    "1|1|0|1": -7.646910466582691e-05,
    "1|1|0|2": -0.0007438607398197077,
    "1|1|0|3": -0.0005797044334975382,
    "1|1|0|4": 0.00019915254237288103,
    "1|1|0|5": -1.5225334957368907e-05,
    "1|1|0|6": 0.00087363100252738,
    "1|1|0|7": -0.002172119487908961,
    "1|1|1|0": 0.00011557985728374777,
    "1|1|1|1": 0.00023796615738459076,
    "1|1|1|2": 0.0007147701206741802,
    "1|1|1|3": 0.0003754137655518782,
    "1|1|1|4": 6.379310344827518e-05,
    "1|1|1|5": 0.0008145001416029456,
    "1|1|1|6": -0.0003024224072672198,
    "1|1|1|7": 0.0003303630363036305,
    "1|1|2|0": 0.00026304921623902203,
    "1|1|2|1": -0.00027332697504371147,
    "1|1|2|2": -0.0001698025190483626,
    "1|1|2|3": -0.0003618279569892498,
    "1|1|2|4": -0.0010996070726915527,
    "1|1|2|5": -0.0006992393212404918,
    "1|1|2|6": 6.65887850467277e-05,
    "1|1|2|7": 0.000613188976377953,
    "1|2|0|0": 0.00039946953034027767,
    "1|2|0|1": 0.0005889429503288238,
    "1|2|0|2": -4.656632173095021e-05,
    "1|2|0|3": -0.0008771597134429004,
    "1|2|0|4": -0.00019123505976095687,
    "1|2|0|5": -0.000835526315789475,
    "1|2|0|6": 0.0010386597938144327,
    "1|2|0|7": -0.0002462977396726436,
    "1|2|1|0": -0.0002670562713065036,
    "1|2|1|1": 0.00017403975814520012,
    "1|2|1|2": -0.00022989096893643286,
    "1|2|1|3": 0.0005195670274771049,
    "1|2|1|4": -0.0016292577984940856,
    "1|2|1|5": -0.0006609854353889097,
    "1|2|1|6": -0.00030526315789473945,
    "1|2|1|7": 0.0010023403543965251,
    "1|2|2|0": 0.0006542830143230386,
    "1|2|2|1": 9.680487699424951e-05,
    "1|2|2|2": -0.0004992261259866881,
    "1|2|2|3": -0.0013616232655388717,
    "1|2|2|4": -0.0002504081632653058,
    "1|2|2|5": -0.0004957284691757117,
    "1|2|2|6": 0.0005870895937673887,
    "1|2|2|7": -0.001105343511450384,
    "2|0|0|0": -1.4655627972522706e-05,
    "2|0|0|1": 0.0010524271844660202,
    "2|0|0|2": -0.0007913434054716203,
    "2|0|0|3": -0.00018393351800554192,
    "2|0|0|4": -0.0017287581699346414,
    "2|0|0|5": 0.00284063047285464,
    "2|0|0|6": -0.00011713665943600661,
    "2|0|0|7": -0.000164179104477613,
    "2|0|1|0": -2.816049152857855e-05,
    "2|0|1|1": -9.783266739314548e-05,
    "2|0|1|2": -0.001245764990588869,
    "2|0|1|3": 0.001770219435736678,
    "2|0|1|4": -0.0004361036639857007,
    "2|0|1|5": -0.0008153338829348727,
    "2|0|1|6": -8.534322820037049e-05,
    "2|0|1|7": 0.002363546798029556,
    "2|0|2|0": 0.00027885435017332635,
    "2|0|2|1": -0.00017117542823390377,
    "2|0|2|2": -0.0008258746948738815,
    "2|0|2|3": 0.00018454056821090532,
    "2|0|2|4": -0.00032548823234852136,
    "2|0|2|5": 0.0024473829201101934,
    "2|0|2|6": 0.0018023340627279362,
    "2|0|2|7": -0.0005934144595561916,
    "2|1|0|0": 0.0002657582006420235,
    "2|1|0|1": 0.0003436468646864681,
    "2|1|0|2": 0.00043693816398801376,
    "2|1|0|3": 8.26740506329109e-05,
    "2|1|0|4": 0.0024967177242888393,
    "2|1|0|5": -0.0011257941550190584,
    "2|1|0|6": -0.00027896341463414377,
    "2|1|0|7": 0.0001348148148148159,
    "2|1|1|0": 0.0005376499207965596,
    "2|1|1|1": 0.00013190613421161133,
    "2|1|1|2": 0.00012406080726891434,
    "2|1|1|3": 0.0016141171231351574,
    "2|1|1|4": 0.0004298245614035089,
    "2|1|1|5": -0.00010443407234539019,
    "2|1|1|6": 0.0010184331797235026,
    "2|1|1|7": -0.00011339522546419027,
    "2|1|2|0": 0.0007760925893936811,